,Node 0,Node 1,Node 2,Node 3,Node 4,Node 5,Node 6,Node 7,Node 8,Node 9,Node 10,Node 11,Node 12,Node 13,Node 14,Node 15,Node 16,Node 17,Node 19,Node 20,Node 21,Node 22,Node 23,Node 24,Node 25,Node 26,Node 27,Node 28,Node 29,Node 30,Node 31,Node 32,Node 33,Node 34,Node 35,Node 36,Node 37,Node 38,Node 39,Node 40,Node 41,Node 42,Node 43,Node 44,Node 45,Node 46
Посередництво,0.001010101,0.1045455,0.02070707,0.003030303,0.2020202,0,0.3020202,0.1161039,0,0.04444445,0.20595,0.1946392,0.1457119,0.0387999,0.01784993,0,0.1611219,0.0197114,0.1509115,0.09094395,0.2014671,0.1272727,0.08686869,0.04444445,0,0,0.07635282,0.333836,0.05406806,0.1545455,0.3684656,0.1980544,0.2792953,0.007070708,0.04747475,0.03939394,0.04444445,0,0.02171717,0,0.02171717,0.1272727,0.2363636,0.04444445,0,0.004292929
Коефіцієнт кластерності,0.6666667,0.5,0.6666667,0.6666667,0.3333333,1,0.3,0.6666667,0,0.3333333,0.5333334,0.4,0.4,0.5,0.5,1,0.5238096,0.8333333,0.5,0.6,0.1666667,0,0,0,0,0,0.3,0.3,0.4,0.3333333,0.3,0.3333333,0.3333333,0.3333333,0.3333333,0.6666667,0.3333333,0,0.6666667,1,0.6666667,0.3333333,0.3333333,0.3333333,0,0.6666667
Ефективність,0.2533424,0.2679325,0.3475752,0.2968644,0.2650719,0.4596297,0.2949298,0.4315352,0,0.2487787,0.3325243,0.3351815,0.3327642,0.3365974,0.3274362,0.5805696,0.3260279,0.4647876,0.3357791,0.3631933,0.2107472,0.2286366,0.1985063,0.1698721,0,0,0.2616994,0.2482436,0.2809035,0.2958867,0.2497713,0.2425202,0.2516385,0.2634549,0.239659,0.303659,0.27449,0,0.3167056,0.3116826,0.3736555,0.2429154,0.2247572,0.2211535,0,0.2859722
Центральність за власним вектором,0.01141248,0.02337903,0.019266,0.04390699,0.05493409,0.04913095,0.1575463,0.2237011,0.004551765,0.01106381,0.2954504,0.3050663,0.1279585,0.1221656,0.0599892,0.03160811,0.4082763,0.2747906,0.3364652,0.3737325,0.1469972,0.03283869,0.004855482,0.001382966,0.0002839822,0.02793426,0.1088387,0.1732086,0.07774923,0.05830361,0.323051,0.1271325,0.06121534,0.04041662,0.03262446,0.02329679,0.01165688,0.00308464,0.001952039,0.0009384636,0.002358469,0.00731636,0.02119896,0.006990375,0.002059695,0.04735007
Стійкість до вилучення,-1,-1,-1,-1,-6,-1,-9,-1,-1,-2,-1,-1,-1,-1,-1,-1,-1,-1,-1,-1,-5,-4,-3,-2,-1,-1,-2,-1,-1,-1,-1,-1,-8,-1,-1,-1,-2,-1,-1,-1,-1,-4,-7,-2,-1,-1
Ступінь вершини,3,4,3,3,4,2,5,4,1,3,6,6,5,4,4,2,7,4,5,6,4,2,2,2,1,1,5,5,5,4,5,3,4,3,4,3,3,1,3,2,3,4,3,3,1,3
